target_name,mean_radius,mean_radius_uncertainty,equatorial_radius,equatorial_radius_uncertainty,polar_radius,polar_radius_uncertainty,rms_deviation,elevation_max,elevation_min,mass,distance_to_primary,sideral_rotation_period,obs_id
Mercury,2439.7,1.0,2439.7,1.0,2439.7,1.0,1,4.6,2.5,3.3014E23,57909227.,1407.504,1
Venus,6051.8,1.0,6051.8,1.0,6051.8,1.0,1,11,2,4.86732E24,108209475.,-5832.432,2
Earth,6371.00,0.01,6378.14, 0.01,6356.75, 0.01,3.57,8.85,11.52,5.97219E24,149598262.,23.93447232,3
Mars,3389.5,0.2,3396.19,0.1,3376.,0.1,3.0,22.64,7.55,6.41693E23,227943824.,24.624,4
Jupiter,69911.,6,71492.,4,66854.,10,62.1,31,102,1.89813E27,778340821.,9.92496,5
Saturn,58232.,6,60268.,4,54364.,10,102.9,8,205,5.68319E26,1426666422.,10.656,6
Uranus,25362.,7,25559.,4,24973.,20,16.8,28,0,8.68103E25,2870658186.,-17.232,7
Neptune,24622.,19,24764.,15,24341.,30,8,14,0,1.0241E26,4498396441.,16.104,8